,sepal_length_(cm),sepal_width_(cm),petal_length_(cm),petal_width_(cm),species
0,3.0214129270094277,7.5155715899973465,5.8095527461289596,4.769536176736885,2
1,1.316945395451005,1.3167572586223808,0.5530521749119558,6.8561739370444945,0
2,4.788697091597029,5.622966106809155,0.2605590555072591,7.665296846863556,0
3,6.59305259824329,1.7562450632905542,1.518234744215385,1.530555176856784,0
4,2.4730894950843947,4.193100166731456,3.4691711454085032,2.371587293544727,1
5,4.87245257883456,1.1880521130859265,2.378728258574702,2.9576223776907957,1
6,3.657345876892881,6.224372498865506,1.657455500835206,4.111028619626171,0
7,4.720833637123931,0.46231321921598234,4.838849844831219,1.430088164760874,1
8,0.6074024252851803,7.501307190576,7.6319298579815635,6.405499315308397,2
9,2.4759873995522916,0.8618424892497942,5.437017606794824,3.5331894511688904,2
10,1.0518982317892749,3.962379898867908,0.36823046469870346,7.1926991362145,0
11,2.118483856480132,5.267673817961059,2.531346393497406,4.156530565186924,0
12,4.3643401788775815,1.5418647530991112,7.662760096563557,6.146036022216694,2
13,7.4280917442006755,7.079653333335661,4.763619834726464,7.290619033180311,2
14,0.7902415160049722,1.6286663268693329,0.452772853502197,2.6375765799534623,0
15,3.13168285957796,2.2165224478363883,6.5641525713850495,2.8826759482099966,2
16,2.29128917556157,4.333029448634338,1.1992089548031488,6.3571364498815095,0
17,0.6814950207022125,7.797718105484035,6.123509200513928,1.649982315966545,1
18,0.14307251356409872,6.460599141947706,5.6134872820114134,5.786255910719701,2
19,6.115908704150377,0.6775482835259048,2.896032682645327,1.0037786642960118,1
20,6.83220672182963,4.961725389254952,2.681004593850664,0.5957551322309844,0
21,2.5256621093821656,2.6364299118086274,5.7909281910369,5.072948276570663,2
22,7.0202593920953476,3.783276416263205,1.0328351183187534,5.663309340339361,1
23,6.0341233792118,4.47796214104207,6.1135440036455755,3.9516056516422484,2
24,4.177316069179554,3.4348199431966875,0.29826918860394247,0.9415531305477748,0
25,0.3451476483565272,5.064001207857487,2.551976652395348,4.066851391084682,0
26,7.1790184966235255,2.044479387361225,3.3009867996779123,5.99329888063578,2
27,1.8846256908346555,0.7004432966645854,2.360061332727391,1.3575260405812346,0
28,7.35164168827207,6.4033389606024524,5.040549300781303,6.897392603464199,2
29,6.368642199813093,1.5552464593110797,7.061960188221827,4.306869486942076,2
30,6.398033210279688,7.089512139403247,2.5804271047805387,0.9584050113158787,0
31,1.8778942678271453,3.4314407512847995,6.480515174195446,6.813698549399479,2
32,0.1542266181432875,4.083828960105013,3.3558058245604765,1.8324409216716961,0
33,1.034949865202726,2.7333983369482984,7.454695690517649,2.620982869761891,2
34,4.146566849598256,5.583547879382388,2.9363108985584936,7.679900245223494,2
35,7.607088900548468,2.0639019074378404,3.9785383459606067,2.446850816570804,1
36,2.3217558561442475,0.38771818936535585,4.854601805043195,4.0208963811851195,1
37,0.5015342597499169,2.2734424210455693,7.184473910539899,1.9685827472023851,2
38,1.2301800023115403,3.9177315301649918,7.788073542062686,1.9880311177897034,2
39,5.342657269765853,6.040632999563997,1.9535728431407178,5.780087519172505,2
40,2.9687084352101754,5.03198547862992,5.0415317439349785,4.279042535783116,2
41,0.8042602064243848,6.615359465596057,2.6020845067795397,1.5548443811188633,0
42,0.4180461041271586,4.708964956868286,5.385002022369803,0.229385065637278,1
43,4.094325854734392,1.8666670465439164,5.132347765193709,1.4600581462389335,1
44,5.489314357199235,3.1165357011441923,7.406493912146529,1.1726633643387476,2
45,2.760317538192017,0.9850934656765948,7.31261022257279,6.943246956371652,2
46,2.111944696178214,5.247875559066596,6.474333161569484,4.4305663304758065,2
47,4.23127451117685,1.9864478690235234,0.8262015888860139,7.098282912035949,1
48,7.123260845873978,5.03819136673149,2.7444323701798656,2.8238346819787554,1
49,5.762454295187867,7.097460027630102,7.019274109267915,6.1830292576894665,2
50,5.107846840003445,0.7562917269613809,1.3607039699379877,7.108722670511218,1
51,4.8301466653448015,0.17173700260971125,0.8914780343550505,5.275313799042835,1
52,0.13948035400050576,1.3543028010564897,4.380123557059372,5.496782542003007,1
53,5.185297824120284,1.8493006137923667,5.65499792651078,1.9505428824750408,2
54,2.638117645642289,5.9226329599205885,5.1671366125682745,6.7239426018545885,2
55,5.229380559942679,4.532807106016679,0.8306631890591214,2.968183263863582,0
56,2.1685784679174587,2.003119218356852,7.689482327069076,3.1661622524007313,2
57,7.057963130381484,5.022881282778651,6.299528167624858,4.020569326220499,2
58,4.599850300085601,3.941638011787139,1.6228953048247474,5.735126499039741,1
59,2.2900244270386754,0.28966453816534,5.1346839080759095,1.481463299374982,1
60,7.4355769579527315,7.540642900620182,7.2359422437194985,2.9872378619924667,2
61,0.22056160892516596,7.340884788184258,3.4398363568750523,7.639907588540623,2
62,7.616235821296173,6.753473752645409,2.3967013581427685,3.1037622830950173,0
63,6.738866037831484,2.571991640218966,1.4220434241515216,4.443049847175131,1
64,7.402007238454092,5.5290324140647895,4.546477126697047,0.8579766514119946,1
65,4.897056368253524,7.822420030813254,1.1926553188448876,4.142971288437146,0
66,6.943509961038052,5.877995218482795,5.536722779763091,5.579375855099452,2
67,2.904030979514091,2.3900163852630487,6.413017012732406,6.41888447849761,2
68,6.863164084924809,7.223276309940476,4.088470711115315,4.011827098560157,2
69,6.326702395940846,5.169718660066568,5.575341642610086,6.307182821601589,2
70,7.042041666177018,2.7363622234419798,3.0295470305915635,0.8330591307587782,1
71,4.610585099770157,0.3803497356145883,3.7316645414331897,4.332628150719097,2
72,2.3350217666006188,4.708499432438284,0.3379019495245856,0.39131587224387243,0
73,6.516284373145335,2.909487003007851,1.0910719986847015,4.173497428427474,0
74,6.1059497141691645,1.783404014475377,4.958545711388202,0.7657102269513905,1
75,0.5031174251151401,4.244566126231555,4.316953948558831,5.071953231686011,1
76,5.76351240303676,7.71164621980777,4.127142716749323,2.619060488941719,2
77,6.302452319195889,2.212491559844179,3.523977081503962,0.7119597744696745,1
78,0.2977357986405686,7.608657634487816,6.620644939995206,5.5285988075308445,2
79,3.2898329664313053,1.4516956965525973,1.3202089328344713,2.051894605683844,0
80,4.3839679847077395,5.673848197060487,5.249539538398304,2.2834843961783546,2
81,7.547949189172915,5.855595950226995,4.423961609588925,4.871421820627948,2
82,3.372880486936762,2.032301718109028,2.876586893479841,6.011199661622079,1
83,0.2122692113120958,1.0053665959539468,0.4588206077696715,0.41768465808796706,0
84,6.772592555285857,5.588531303164185,3.798555866881137,0.8631064530778115,1
85,3.9346038259112928,3.7930798120884126,1.4509745852981186,3.4840428640561902,0
86,3.2083369282995133,4.903630764807288,5.053730476767622,0.4533712762219473,1
87,3.0219783940864757,4.981707342571044,4.024462816924684,6.780620761268914,2
88,5.237810326627772,1.3708885312351518,0.6504362297233528,5.110870370009262,1
89,0.3067882222246502,4.669049533933014,7.433795883114669,4.588698587431856,2
90,3.127725424410871,5.117648103850355,3.67437254583383,4.355810956664293,1
91,7.4434255084568965,3.1116005748460394,7.597286397826531,7.161735007257297,2
92,1.6271708513565124,0.6410181468262905,0.886068410743928,0.2421302400820879,0
93,0.8366550938962415,5.4274528326475835,0.6552714579897861,2.5880099162913384,0
94,6.690027425561746,0.28152109873944176,6.452854164193699,2.29846724323252,2
95,1.0216856554489189,5.534549889840375,5.005754204883095,6.944281705511013,2
96,5.83355414167031,6.367151257001819,2.299869666056191,1.484028441481838,0
97,5.954795062798695,6.39331096628466,7.825940107605252,3.318417879909127,2
98,3.001741069183709,6.156021093787576,2.7582676139735396,7.359907139707805,2
99,6.795619464375492,3.4461534135251437,5.95679432877368,5.985434417860523,2
100,0.9043661769202744,7.13991267210062,4.040968505093286,6.546368235640385,2
101,2.596386888038772,7.085081182270364,3.1357730941264728,0.1845336815463272,0
102,7.161979416070257,0.8120360789318418,2.5906463732052365,7.510483342996278,2
103,7.514735746112938,4.572815527361632,5.028330254924434,3.5978750714308947,2
104,2.387044019244904,2.663583453885345,5.3456439574009,5.968521329613904,2
105,6.274316541061618,6.259021513797521,0.8114076037797849,3.9564783766801357,0
106,0.5489583281298255,4.386325282125137,3.543937910712341,7.024092625514738,2
107,2.837137097906214,1.013122728135326,1.2153351200121199,6.039782927396284,1
108,4.922100893866836,0.8887568737577639,0.7560330876969801,5.567559225381136,1
109,0.6675514496407096,6.510508462464779,5.60868937182067,0.7345204890068182,1
110,0.761734169864497,7.795788712309169,3.0193122068977387,2.9910087471217497,0
111,6.43983662460852,7.488538903594098,7.790808297818393,5.976349845019745,2
112,3.0348247671411435,0.7513055902496164,6.161745944234007,4.45555314793928,2
113,3.4089316721264153,7.169564203738941,0.9673403619879806,3.9424758134687017,0
114,0.18855842918586874,3.755553007554185,0.5391655503183314,1.0267797468909612,0
115,1.0167047248614183,5.163840356505296,5.919150058270302,4.650276367757845,2
116,7.604945878101427,3.023990520284892,2.328554272998514,6.87507319987779,2
117,1.844047540451731,7.613135807636769,0.19480490258056748,7.665054848319585,0
118,0.4366473132144937,7.050916286844955,4.216068650873139,7.845125409730543,2
119,0.6756132049361111,4.420063418330302,7.660559777828972,4.180163184527161,2
120,5.009309377455048,5.526839774080014,3.645420305188632,4.994953024655695,2
121,4.657651633000182,7.129032481829714,0.4544817666633715,2.291512878819397,0
122,7.513209575797158,7.044057514349148,3.6541226717285613,4.937034262851987,2
123,2.2635732272528353,1.5673450458453384,3.716847558531861,2.8561473786032123,1
124,4.652517672436802,0.7063301683268818,7.700279499796099,7.792443806940903,2
125,5.545661369354012,4.2815516574841395,2.5143154070333567,6.4476011537142,2
126,5.440903145920259,1.3684121268901523,7.205232039051972,6.515790494800719,2
127,7.508439323677008,5.760612165429208,4.884638528299161,3.3622956830668276,2
128,7.375282170161304,6.855298338103186,0.4527056268282774,0.3056624010785657,0
129,3.0364142616487872,6.422315980098297,7.800753808656567,1.27325175060752,2
130,4.734219579746654,3.070948681721968,7.665332302953905,6.668527600458528,2
131,6.638963896746875,3.7558066464007687,3.3355921182337886,2.232575161059509,1
132,0.5397288738772316,6.844834534789415,6.4406278712146054,7.897797851631819,2
133,7.873767329176462,4.432367303700494,6.098101838407982,7.469172693082939,2
134,6.727249647283809,2.029315193596942,3.61424425541873,1.1074434381816611,1
135,7.541598012618035,4.828162148716864,1.8834138829270095,5.339265338365682,2
136,4.921400275571587,2.893669200656156,0.9857492191571064,5.338270925623837,1
137,4.1584000670495875,6.124083455537987,4.157275308673548,6.747015702484613,2
138,4.404873342440987,4.475316177976013,6.937898100735091,3.2471663564566975,2
139,1.145318781914998,0.32450487524404403,5.990070594254228,4.938414500557024,2
140,5.591822191173944,1.761120459769504,1.1636975095768043,0.21344839220947906,0
141,2.8345829586914566,4.701357957466138,3.1595035517779126,3.512304391785087,1
142,7.152437817051238,2.816392642781743,4.1091180154465246,6.212493499380916,2
143,3.1930337021059074,4.952276261777413,6.826436928224613,7.506260864529609,2
144,1.247173151246496,7.327383476259657,3.9385070860203983,2.1143062287318752,0
145,3.6812588986584385,7.744254087226722,3.9424211331443835,2.6642625602425642,0
146,5.0405266636704615,1.9731358264699062,0.6917339592475786,1.1052618309030642,0
147,1.0987575438706252,1.2848410093958962,1.1828519466653993,5.098823009465074,0
148,1.5186646583133299,2.796204809926133,7.094949597266893,3.796900794050405,2
149,5.306950360464012,1.444094995372713,1.5998543467076323,0.4187752068785352,0
150,1.4176934919628836,2.2730046444492777,1.4806817773586254,0.7918797633050338,0
151,1.0409597945846865,3.6940743906552616,1.7094030035651817,2.941304916174989,0
152,4.0266547126678836,5.485079663309049,0.4066346907605718,6.335401111490532,0
153,4.99762303802908,0.737720449201201,6.9139132680328625,7.282804724148143,2
154,0.5764080868679373,2.2596456555481894,6.388369982385878,5.936425584992535,2
155,1.5392639509797434,1.7329247220263406,2.9896824017727797,3.8792792844899666,1
156,4.922387217936309,2.9775263886442254,3.707770785838554,5.9302733174433016,2
157,0.3861289825466636,2.069008165883362,5.664126769899509,7.082613333960155,2
158,4.091084048502196,4.250485185069462,0.9359416884502533,3.589816461222947,0
159,4.254414678349181,1.9912699283508917,2.2000972014051716,3.042816472216057,1
160,0.2565553426662657,2.612217491548791,1.7492944545730484,2.6544793469877344,0
161,1.0341446281901596,7.046112789771181,4.73002113772158,5.396998089327019,2
162,6.255535661137239,3.987849151646647,0.7779782470819049,4.289431026184673,0
163,4.677360720562858,5.914427898637774,3.4669444605915,1.0951263618053975,0
164,2.313452065230051,2.932041911909354,5.13815448238649,4.552070776417513,2
165,2.877554462003201,7.794818940585242,4.82504359098372,1.9503689755407572,1
166,0.8939032864391492,1.29230128563779,2.0184702813991637,1.3533147114245345,0
167,1.5552227876001852,2.323742315812008,1.4523140432990878,7.0947703120861165,1
168,0.7258232161608092,4.191188838647986,3.30109525051936,7.7625532118871305,2
169,0.9739034369108084,3.203273672556785,7.661869379547878,6.8509555819730465,2
170,6.473162153404384,2.111642050950531,1.4329231816425136,5.315417115410562,1
171,7.34913271519517,4.4427505655086525,4.558578977865219,2.283836930550217,1
172,6.102044878897108,1.5589412387486825,2.624698043953101,3.418404221208051,1
173,4.059360953738749,1.990795912837626,0.9957272329657877,4.8628363310447345,0
174,2.3513183152739954,4.633658127096376,1.3040291791387781,3.852892794467577,0
175,4.25419757390237,0.5042235872149299,2.725513369912581,1.1484344801239992,1
176,0.5943247696875884,7.821689812641573,2.6143599908028397,6.4170206776661525,0
177,2.0861971071573584,5.415721233346648,6.029777307139556,4.745982176741186,2
178,3.778294270691236,3.312359130348695,2.8211724790353636,7.350327325133042,2
179,6.578831380744288,7.627209903198798,1.069518343187249,5.800766306588425,0
180,7.419055563204095,1.5136179160921495,0.6186708854608645,5.880741064462461,1
181,4.5808902828033125,6.666264458714522,1.1902245376850582,6.303085032507144,0
182,1.6726930963724076,1.3765163543524954,1.3812732238617451,6.453682817804781,1
183,5.288538321430361,4.179910313199131,2.89887777616332,6.942164218342245,2
184,3.1610718378965563,6.469475627878301,3.525252286847704,3.0401665495142796,1
185,3.7089023282229308,2.4507474184803084,5.931353165374759,4.021219042721338,2
186,1.9112590221451753,7.116681671541635,3.0943515267110495,4.339712316689111,0
187,7.170482465523467,4.969056368129138,1.0118047175252398,7.430690564185106,2
188,4.99612281395706,2.7122637943252723,1.1863221667744208,6.293396476308309,1
189,4.9365674962424055,4.2609965174153075,7.07236214779747,6.25105824755134,2
190,1.2830640619154594,2.5314321288052763,2.038215290552833,5.9027810820668805,1
191,0.3615529909390792,4.545139541996269,6.047177748777386,6.938771966741646,2
192,2.7682376399840787,6.505806976441701,0.9629275482506164,6.702327875529242,0
193,1.094411566189463,3.198840866370865,6.318903853080519,1.2693559333204356,1
194,1.888160882814604,5.733570033465917,5.71628498505938,5.100951536505319,2
195,5.51279786684338,4.33325065811125,2.0640326594742318,2.796428749330572,0
196,1.5164621910511205,7.185914378402301,4.6504559991757395,3.2266410507563914,1
197,3.703645268424235,7.48881004897216,1.2961409443054257,4.672592689731019,0
198,4.045931695298835,4.869343036390253,0.241259433802556,6.902566489764382,0
199,7.370522603372177,4.5080388319958296,5.53387642623976,7.295495173182907,2
200,5.61646134764451,1.2898045347312388,4.595049209301143,4.832377361786276,2
201,3.408219236158611,5.844265037872838,7.388062715198316,7.319434400672856,2
202,3.616547096952231,0.983256757557891,7.78176135190621,6.643405074278286,2
203,1.0723689133854815,7.282566684415505,6.885191624084601,4.146936845583363,2
204,4.711948398810448,3.2122210901870165,0.5271407828118444,2.7145384848380276,0
205,6.36225689906449,0.13612977943590232,2.701293539190925,3.2057158100093583,1
206,4.291685702915799,7.274873808019532,2.801498756054498,2.806234974790576,0
207,5.852509735256038,3.6272999389404963,1.8519176189318596,3.629028225835009,0
208,1.198684758962439,1.475818494748542,3.9872686273679423,3.367618506135474,1
209,7.235798028331181,2.926672413109739,4.628589132168739,5.031661445772337,2
210,0.20213676138900238,5.275591501730343,1.4886805415840614,7.596348476261751,0
211,1.2595692764742812,3.3340681650707853,0.7657274110134221,7.8756191643983895,0
212,4.017121080583692,4.744003135096341,0.6231965236297343,5.949691669113587,0
213,1.7372636261455692,7.1048234576375675,1.7000891957596562,1.5873642211765995,0
214,0.38508740921514006,3.7821221718579947,4.505760839448408,0.6125273875411484,1
215,6.149115410221083,3.6356529110346156,4.190244100755124,3.53794942611818,2
216,3.225951874827543,4.4651945842041,1.3108739182595577,1.519039417863115,0
217,6.821927843905435,7.4797006046423355,3.0118126669820735,2.2118084505197197,0
218,5.123196437264323,3.2881265345651522,0.29801357415068996,1.317990259456285,0
219,5.6845833850097005,5.239606746899181,0.31134874152717124,1.831382863077006,0
220,1.902383413386957,5.340763400070082,0.25374219448404045,0.9120469394796761,0
221,6.339345465910878,1.4926483640238024,5.1914196412446225,1.9578256921644672,2
222,0.8756428635228923,1.996743089795742,5.733682068474142,6.774432451229029,2
223,6.575714943622534,3.1980315310239478,5.31106406525104,1.698877504243404,2
224,2.386552296035904,7.091419384464735,0.20141500338374108,0.766966540664851,0
225,1.7215127901390133,0.3069511902157938,1.5151963937004194,4.647724175563599,1
226,3.387111494621484,7.062839346400404,6.476059781559839,2.766175343243433,2
227,2.1235027807640816,3.0616007837046824,4.704300551615501,2.190896398418435,1
228,4.968361481223245,3.293410887091676,4.405968010645446,3.5017869272554707,2
229,2.396832924426958,7.497935794304823,6.0561251944461345,1.19288277097833,1
230,6.87405021200372,3.9019633463462067,7.0775073697739135,6.338870996389059,2
231,3.416665334860021,0.27526060489691573,2.1956834032025796,4.324746874354762,1
232,5.0411301146439484,2.111523946378978,1.1869773777680284,6.612455847034533,1
233,7.778337009487707,4.200383421960949,1.4390984296167675,2.223997146851078,0
234,0.24344727707024053,7.231530691171892,1.018458446543101,4.596828509011178,0
235,2.237630721360207,4.422588419623189,5.181079029144541,6.571986068916173,2
236,1.7100859197327052,0.18576746353614776,1.1677079145366969,7.12014540641522,1
237,6.916342604987619,4.759822196928405,4.784031511382496,5.287286061460793,2
238,1.467895973262907,7.232413178214687,3.3664100941581707,3.0884805203460806,0
239,4.147558101206132,0.46633454084542936,1.3970102762974197,5.85666220812569,1
240,0.7458296098159864,4.804586453837828,2.0137230555143035,3.1365057895274173,0
241,2.351811146811459,2.8742471884266036,5.708558060437115,2.4175493818607654,2
242,4.517956194315798,3.813193137152978,5.276635089828655,7.407271966733113,2
243,5.814062358239952,1.776534953007903,0.34322845347802045,2.145659545538636,0
244,4.741607859461988,0.5011213451771528,3.971656728169644,4.755374221551736,2
245,2.707102348372295,6.113115189217411,0.9314663744434201,0.6860746975393084,0
246,5.779872298388106,3.9648322664083486,5.469538692136341,3.491653241109221,2
247,2.0219358592650334,6.488998077858758,6.335443855958038,5.518632472664529,2
248,2.2227320703937092,4.703799201578879,2.9155963961322096,0.8143401719477464,0
249,7.255045888605494,1.167185321167899,7.511851359802259,3.5788450290720553,2
250,1.5440368449412334,4.326827389551194,6.908977519835985,5.811354113994577,2
251,6.391176953319308,5.238510260343595,5.499757203239249,6.723726082209491,2
252,2.0474104691016506,3.917514716416496,1.8254336461928977,7.803810462373847,1
253,7.4636628495555835,0.4075291286743461,5.60348634562237,7.3169368758421935,2
254,1.5084876919932018,4.52997279831051,7.240808721186727,0.36477863296923096,2
255,5.539878084525352,2.4193222575058964,7.310290323936937,7.674254312289869,2
256,7.4652786150847845,3.7988708899282178,6.823932677716645,6.6874853085735495,2
257,2.5889836912973943,6.565540698375283,0.38865955078084247,4.750905052160014,0
258,1.8940689308440841,1.0404217090627748,0.7002349727078314,5.53105245184949,0
259,2.751024717390916,5.753180817924339,0.6097794582317505,2.559264635078761,0
260,4.308032080527631,6.267640685743916,2.5862695228701456,4.981952736208671,1
261,7.01062643624226,4.903732867821976,1.9170839030783435,0.2903260961409966,0
262,6.886771216427253,0.2659014046330197,6.9226730469367554,4.225709645412254,2
263,7.42472804840059,6.3305092390345905,7.883886062160032,2.8355521605233394,2
264,6.08406865366279,3.235061126152089,3.8430298383704895,4.994542613103286,2
265,6.914681490653442,7.775851059754502,6.092532628143242,3.3585809009052037,2
266,3.3865846177611476,5.853141952393353,1.9624617369927584,0.9616980824248784,0
267,2.866052829598057,2.340464134901838,2.411203339556723,1.9221404581892978,0
268,0.4283268791636228,0.23941669092062773,7.804234639941046,3.4366304431397268,2
269,3.0977478478455174,5.401248805005945,1.8023803253475008,7.509697234811758,2
270,6.233491112441306,0.7974058180356243,3.3571300511224416,6.9571227989848845,2
271,7.468909773873,3.7457317877489844,4.88460883584352,1.402864779518187,1
272,7.831115283868417,1.9070392707908588,7.453307838253981,5.167243862140474,2
273,4.840347000055101,4.098970385928768,1.899224531398518,1.4769186496429647,0
274,1.819792430747368,1.5542184447251854,6.180758893820676,2.830977021500495,2
275,0.5511728771944917,7.659000515098329,6.99352990271472,7.336467808922661,2
276,7.860281016642196,1.456382943912001,3.1906877474407387,6.014260110491913,2
277,5.52896082081958,1.3003880694508696,6.463498374926819,1.8506364603259535,2
278,1.8457773956164603,4.288400498568626,4.724931491765284,4.624672421134927,2
279,0.813597331702488,6.944194728516967,2.1716803321919076,1.1102163860058727,0
280,7.032235022978022,7.5540816861920765,6.824595414670515,6.414225382854049,2
281,5.210887448984369,4.396687490751287,0.7784967273089991,3.2859350619514505,0
282,3.0069704326960496,2.1260795133305446,5.742676886770963,3.9678307336144125,2
283,0.732160484079654,1.8174289752085286,5.429418356544848,0.6938207040243415,1
284,6.739413929580396,3.9621429107090003,3.8485753031478547,4.720780720344237,2
285,6.532511534216164,2.812911821637106,5.388525989960696,4.51270931916717,2
286,2.1828205073214866,6.9533138935702326,6.31992296853404,5.235924310335719,2
287,6.734537486935087,6.864894767486459,5.625231218377271,6.628703961236642,2
288,5.540277401020413,5.405098019730343,4.925168750078438,5.9711897885496015,2
289,1.3371198212859752,6.970791921751642,6.9003795164128094,0.3281288076695614,1
290,6.541370654405149,1.1051849662928728,2.7139270632213073,5.899364399074541,2
291,1.353927189176804,6.480142788128686,6.5906465880703875,4.058248323334523,2
292,0.14980979939130193,2.3388974387643198,4.912029963330789,7.753252188613904,2
293,5.028145510730013,2.1264679323004465,5.045244484176969,4.3118859617836724,2
294,6.18279408217892,0.9344489828502757,6.036017639515818,4.32187931367366,2
295,7.6113376301001585,2.7666028951017516,5.034450766444795,7.369819222978137,2
296,0.8995758783272982,7.410382200444319,5.465508633946344,0.6291290610203408,1
297,2.447515822185167,5.623742291433197,0.6253346914564193,4.640929589374932,0
298,2.797887844233063,4.9431410385863215,0.4567878637376003,6.897987087988535,0
299,7.693213959583696,7.657247271228394,5.947284287594813,1.1146726730189296,2
300,6.014452928246376,0.2917779483786518,0.2725637019261786,2.624159709366422,0
301,3.911416885156393,6.109177858900787,5.429703937530741,3.5780411097386375,2
302,2.234287996996994,7.8775711012301475,3.4242141574405895,3.620818789771469,0
303,1.3762658052950199,6.299514480249449,5.510721361095611,1.8220029797523314,1
304,0.742572155803573,5.407894556182763,5.205187471392855,2.231424310586033,1
305,7.516735785553201,1.278251555891022,3.4722114481322954,7.460204177307271,2
306,3.373873072023754,5.080502391779867,3.2012363041097958,2.2388785783196266,0
307,7.775025654086661,3.292805249257336,7.0739737886972485,1.8936459259504725,2
308,1.76221669139565,0.34284584649918864,5.1830012379319035,2.974505481045337,1
309,6.84199434874917,3.791037272194146,7.65190873773483,1.547099022484345,2
310,6.875260710053764,6.1574554517755855,6.113190388223606,6.689309179311724,2
311,6.035987129355392,4.98451850872504,1.1237100459226232,0.35370420003176495,0
312,7.2826132129623575,4.909872453261757,6.312990869614175,3.855874341797891,2
313,1.0150038739066771,1.0764491791798936,5.447409240385976,3.4563859802158095,1
314,1.6640928682626266,3.934437464583208,0.600829709186046,4.639376934932311,0
315,2.1981485545937622,6.320960984970068,2.5208232796038756,3.65071716283805,0
316,0.19064021128318498,0.6650857247975592,3.161449739972142,3.843522910793564,1
317,4.780160275330569,2.3749681139325656,5.520858711787032,6.808954698075796,2
318,6.182837713368128,0.40902683771718573,3.847954188611066,0.918455391661764,1
319,1.9879511237277145,7.795968227483742,1.2114652346318033,3.991327596920578,0
320,4.921614727681329,5.579226770244011,4.46525973119793,0.17621260986963255,1
321,2.646398204303137,4.138150818400749,0.7853586933297002,2.8348900634316103,0
322,0.3589842485726592,0.7129122778091619,3.1960015543724496,1.1351828815358709,0
323,4.526818616440154,5.477826759270673,6.344576253050847,1.661171905109519,2
324,1.4063641416207444,0.9156291546083221,5.0641559464403665,5.610510666597829,1
325,0.34637192964000796,7.402455520700781,0.5053760124814849,4.32211141534835,0
326,5.6306720517171485,6.893559165219468,5.669878070632937,6.353479047944377,2
327,2.7477115018338876,6.455635887222796,0.7248958018004662,7.079569917272115,0
328,4.371220533999143,6.474922605707451,3.6280826192427416,5.119906022532895,2
329,4.205940755301683,5.806398269691589,0.7367138598385987,0.5707462551263977,0
330,2.0274052252791424,1.3444485048828694,6.899911819419174,1.809869101392746,2
331,7.711748995389224,2.7277871758146337,1.5205197423718546,6.259648355711337,2
332,5.237920648906834,3.9859265883344843,4.431835697313524,5.709773870523658,2
333,1.8819469823841304,7.871404545242587,7.703386664744909,5.172540353506108,2
334,1.6564311172473323,5.405780290964072,0.6631475900375716,0.33908951720528735,0
335,2.109926530387467,3.708459062566668,6.872525542185368,5.771918744177203,2
336,5.893110865359852,3.418848008694988,2.798292941866311,2.9941023512799014,1
337,7.803666597141252,0.41285169301736335,6.8628456697550995,4.613668186864668,2
338,3.521200269678806,5.757009751238065,3.8960177431126826,6.912701257036953,2
339,7.125474539287817,3.3894232296129525,2.2592568184334025,4.720332563028226,1
340,7.21643409581019,1.7431650742441995,4.959139351795166,5.02616971672166,2
341,5.818281574839192,1.1262279439926266,5.683434724520291,7.1904536611920005,2
342,1.5015282491878876,1.9528379344062459,7.676881733524789,1.5116202311340203,2
343,6.764203728282718,3.9397672802946717,2.0284023803447813,6.891849229925589,2
344,3.5733809890207913,4.115575360651584,2.9020202813181726,4.725016641192434,1
345,1.3754862061631778,3.150435985883734,7.661416114215243,2.113440775068795,2
346,5.222545983422079,2.6364825009526203,6.133090380355485,1.1208145536031289,2
347,7.664604151612649,3.6395584227923865,1.941193614102419,0.6732746291740987,0
348,1.424111659682818,4.154236798736938,2.7286247761640334,6.5652902538843545,1
349,3.4609226845620866,2.0399713261835135,4.913730895511435,5.612862291706477,2
350,1.4029268816274092,1.407429887048878,0.3860371300816352,5.843935717511997,0
351,5.27767531545008,3.8021208308485486,6.684529501959738,6.384227193010415,2
352,4.665764042294667,6.872515988003418,1.7055614382867925,0.9729730313022775,0
353,2.204046969832519,0.5452774774966559,4.24312231840805,7.4055243999007,2
354,0.40687961721437527,1.0524573292782091,3.6271524206107957,7.384225136717658,1
355,2.566017618818654,4.056431507769461,0.4242683005930584,1.2570769675042932,0
356,7.795714959079006,7.627925832201155,0.138531851288395,7.524131926301264,0
357,5.0851355149609025,6.8697626972561725,3.6469708739441016,4.1216490229181515,2
358,3.913003326003978,5.301541208859614,1.1892797870992409,0.33379400100688805,0
359,2.5018535444112895,5.596509949345845,1.6744569265589975,5.352772979934355,0
360,7.66531395963671,0.8324255831574635,5.346296522155985,3.561251710575655,2
361,6.871509584144542,1.4817683576896103,5.502482427364083,6.6372992592552595,2
362,7.467990911897382,5.429334620659238,3.9779631592657334,4.919208473569468,2
363,6.877458878934003,4.5507560237828715,0.3370190656353276,7.361399824954427,0
364,5.478308658046177,5.376804409062523,1.7822661887021942,5.239306667814726,0
365,3.1721423641024367,5.179617220923638,0.9314256364023277,5.231193375903681,0
366,7.895427061011199,0.4760539031123371,7.721958636926275,3.273882093638391,2
367,6.891876912630622,6.202606775654533,4.522726835696009,5.859903832160347,2
368,6.952421378150514,3.2522945088780575,2.650858660193262,5.307228407395961,2
369,6.4011983471418175,6.045824051257603,6.32294646109735,3.497549855540878,2
370,6.479106886165169,1.037630631890746,4.347014964094626,0.14491755188534827,1
371,2.6317694732221084,2.958399971996904,3.1901469945521925,5.524644212180925,1
372,3.130753189908697,3.5998102564557395,1.9528442208197545,3.011363974708853,0
373,1.8727030926525818,0.6709282053938604,4.8068990283747475,5.312059828729127,1
374,4.932024698874994,3.715253541644465,3.0623290853979928,6.8340024666602375,2
375,4.148837924062501,3.837618645511902,0.3000081132901984,2.76173305548402,0
376,3.0655258265296856,3.210817690995824,4.625344479973192,4.262099864469652,2
377,4.841659723788868,6.066089440028601,6.441288761985529,5.701359994566657,2
378,7.553084828448491,0.24221414487562073,1.6270682883316598,0.15899042482950854,1
379,5.1503027704059035,7.1046382818098985,1.9991619132951346,7.330869449411193,2
380,0.5700856442585747,7.388601009083012,2.842656960469149,0.8910824619038888,0
381,3.88979972165334,2.1028572282199622,2.3220086353029985,2.4968617264250357,1
382,6.363602003094775,4.305457958066985,2.5282000534168287,4.860603509825164,2
383,5.68597525894091,2.2264672057215638,3.325682991897742,1.0507115280281911,1
384,1.5129649263705067,5.412719260926866,1.5152191120258904,4.196274392603069,0
385,5.630560841434975,0.933640000139002,4.525035313105448,2.101189712870638,1
386,7.610829626853123,3.8716560444154133,6.386741888246234,4.391767028818842,2
387,0.4386177562675895,5.038580729633375,7.520946069211925,4.792572197141383,2
388,6.489673103528964,6.996810414117581,1.8790222212016736,1.753949751284168,0
389,4.865651713037735,3.3060220644922973,6.650918162360419,7.120180362504487,2
390,2.8566867585612017,1.9475903600009603,6.188099018902123,2.243487077275462,2
391,6.516391684406692,3.4051583784603503,5.30688921447347,0.8451754479104119,1
392,4.966102732477269,3.6237878941503876,4.675546012768698,1.4105108204099348,1
393,5.847615210564621,6.829817204837183,1.7905704407080503,0.8465735330572615,0
394,0.2843809711614239,5.107377703457475,4.83533348149249,4.364239819169746,2
395,1.9091873497046086,3.149066768063015,4.73691541445215,3.9747814991015216,2
396,7.804727057676121,1.1642300699425185,5.522127521571232,3.253686391213479,2
397,3.4399569964197956,5.697262572133774,5.501001980330083,7.831796750877069,2
398,1.101475457742177,0.9120552651964975,5.749842773604181,4.611417952649991,1
399,2.238453199166486,0.7194710781140956,0.7681343468521582,7.074688822380123,1
400,1.596565132806195,2.6222981845010622,1.8679199373705069,2.8689711854891113,0
401,0.6415059734195283,4.148666369084509,0.6273779960192762,6.342780761014421,0
402,1.9229542389013778,4.312092933915182,6.964616882979374,5.176843478568115,2
403,4.257070735100416,2.62980327429993,2.697414921853944,5.321998250545883,1
404,7.854287017525107,5.262345680825153,4.450710655486194,5.79907397986612,2
405,3.728603775813002,0.5691102722861248,4.485915163847697,7.569477219141966,2
406,1.4673629503897454,5.482038148401193,1.6672827715406406,4.279455938890034,0
407,0.8540763072444131,3.6128933028138444,5.998073965382919,2.8110578890640605,2
408,5.286311451000301,6.304509694159888,7.331986991939731,1.9302082384725379,2
409,3.214664143312604,1.2888449039772563,7.841371316835327,7.330607549809503,2
410,4.311665616188365,6.6678596961360865,4.163472222721929,4.9639683664215255,2
411,0.7951705705049297,5.9911092798751024,1.0961651723548318,6.543327515969722,0
412,6.19981908382901,5.628208642395216,0.38205096809314454,2.4644011763735634,0
413,2.1522780453045747,2.909063978277849,0.7836134247579407,7.40827101964229,0
414,4.419657477556535,2.483089623132584,3.196455833179411,3.5881798159377185,1
415,4.784635800212815,4.122299536032683,7.271257391072456,3.9763151666654766,2
416,7.8388325156218395,6.741114670411747,1.7263820119872195,7.358642674222547,2
417,1.0076579035067137,6.4761077262312945,3.068861689117325,6.948199699471543,1
418,6.870842182838113,6.386218120917445,6.262237403195079,2.476497284964718,2
419,0.731170407799767,3.2432453943682598,1.4534912168947678,5.520618493439201,0
420,2.7995778669947273,7.709759566707336,5.09958220329359,6.515348396348015,2
421,1.1336924473864178,6.823712961726456,7.297506086004476,3.8990829667877005,2
422,4.828772914457624,6.065516447043365,1.463741292631218,4.020015396414851,0
423,3.2095716166240424,1.2417171388655432,2.9667684938739454,0.6317440132068498,1
424,0.3013328742059985,1.1542970554076177,7.612297870395556,4.386330379981132,2
425,7.633412856995116,3.4734834509750296,2.532165838065025,4.047906530153904,1
426,3.5281911713366996,0.9241845372416025,5.098445254583608,1.7850978235748771,1
427,4.932786048203071,5.171568520705597,1.2857938544034555,0.5785270914632117,0
428,6.18994037133383,3.6864433054006978,0.5536776049427112,7.859957273924184,2
429,0.5506883757716599,5.521274785096715,7.772695617054627,1.96560481288422,2
430,1.2095450757601303,1.0468025274949455,2.4655461510272456,0.8881573258830442,0
431,5.498858465214229,0.585876025414489,4.07349259956836,7.874235460053219,2
432,6.448968102146947,4.898711618201885,2.4887782421355715,4.96638752307478,2
433,4.210923418510883,3.423450394344898,1.1195409385735562,7.015512878875641,1
434,3.608320260806316,1.6180555922019677,2.9685229368428594,3.3302120697256314,1
435,6.55479558542162,5.822192168378936,6.100578170402451,0.1860438625434483,2
436,3.34600118580214,3.854484382755525,0.24969975921984217,2.1265430282112674,0
437,6.030260620352653,1.1694557046861929,4.275419025330215,1.7785746017344528,1
438,0.19454204222236754,1.9813713692764239,7.71181528829842,6.351989472687319,2
439,7.584697825704061,3.9052615426256274,0.9559423496845274,4.374084013994805,0
440,3.6441432095676953,6.685985245369005,0.8650441301171078,3.9082808687698702,0
441,1.2703795846130774,2.632472229742468,5.8513852036248375,3.8129414090763794,2
442,3.031928624137001,3.176914972846276,3.6836847935666963,6.2231290419290435,2
443,7.058260573733828,7.551610554730641,6.237846412791302,2.5601737868344996,2
444,5.467450707475029,3.5133043676320574,2.086430851959199,6.658798319522196,2
445,0.399725521906135,7.1337435386563035,3.6995242240729267,5.070171519104587,1
446,5.2429605932051055,7.081918377510984,5.066023520904217,4.888681961128482,2
447,0.6198859163733818,4.143582571172592,1.2713182063729251,5.851983396027587,0
448,4.0953309823388615,5.405776677825156,0.4250486246985973,0.7613777251572652,0
449,5.6873224268889215,0.6622578207896522,0.6558024765690171,0.19444610683212213,0
450,7.560710906735945,5.852565203780254,2.855360986316101,2.412977534043711,1
451,2.827685192017627,6.1422975432132185,5.258690766349233,1.54452542936625,1
452,1.458052815605858,0.8674860677644991,5.250361213670438,6.06210676532954,2
453,2.167362140935032,0.26337069604111996,0.7409390063161333,7.649308271791238,1
454,2.4044692643238785,6.099940553137443,4.972375837063257,3.0791291892925883,1
455,1.7043606451253301,1.0468140616433703,4.897101150703159,6.142143488974747,2
456,5.1224531776208195,4.236356639343435,0.4272195427667629,7.654212465236194,0
457,6.329970694905682,2.3840118862675252,7.743768568999036,4.794676399163312,2
458,4.642896734016523,5.93497079955035,6.431804347103073,5.220533137185721,2
459,1.0991468216563602,2.738486546757088,7.339052394543188,1.8520017723820452,2
460,3.002902785932604,3.470199686964729,3.5273589196167277,4.880928743457299,1
461,7.45599153440872,1.977403152293539,1.047710735147161,1.6402698209075113,0
462,7.018014221632303,5.137324338710607,2.3300729560654494,6.464386123955215,2
463,6.818685971634801,6.702811841784169,7.267626962388525,2.0674799573522207,2
464,5.989327044220971,3.6922080787382923,6.66758871254248,5.7822272818605835,2
465,6.156290082697852,5.218062333912358,1.4839444018637138,4.351209967396119,0
466,7.7804239682911644,7.411626918677528,0.43675513921669107,1.3855555626896099,0
467,1.127484432945583,5.762643297885305,6.478725572884172,1.7653886572232411,2
468,4.045651005024267,6.65748361848736,5.815852049176755,4.329450202836417,2
469,4.704711985578428,4.065212265946984,2.420877920286801,4.507171544300325,1
470,5.473305355990708,6.9119187437143,5.063072561038135,6.036747988936632,2
471,1.3485587526456695,3.7001483004743614,0.1727866346513277,2.0240951432686596,0
472,5.766401377881438,7.836117620525036,0.8735891767802841,3.231655663718049,0
473,6.340553555853444,1.6914779501054111,4.429662604557833,5.8179561090314635,2
474,4.9046865120293965,1.5665929300002461,2.871999635748768,6.213575918986098,2
475,4.422966810229729,0.14079098563471937,6.035727928219132,0.37542856853386475,1
476,5.916723505303611,1.679348369288852,7.572973144931166,2.9699378601562594,2
477,2.6500666074370174,1.2613267925930687,2.4837128808236764,6.937875942259964,1
478,7.87140783349253,2.9728143379534173,3.5991629214454326,5.732153317981349,2
479,7.012327087627582,4.725745806656916,3.153900445787069,3.3184503586192657,1
480,5.525821542675094,0.12510245611337373,4.9327968321867575,2.872845481442588,2
481,6.294739183961258,0.8253269906204309,4.687977682197446,3.8515885411117656,2
482,5.110139102060774,0.6058580369671531,4.623873541939424,4.479579786084285,2
483,4.4731487364461335,4.807203799452347,5.376449910365626,6.378914197510004,2
484,2.204601617000072,6.535385399404484,3.986394321654939,0.7010545772477831,0
485,0.5566972481030378,2.7070588858292743,6.222196421469447,5.619911290979143,2
486,6.25119672444477,4.134698640244553,3.5335521840528266,1.250129708309015,1
487,2.6599034781526303,3.4853510561562273,0.7910833515010145,1.820773231147448,0
488,4.766157293697163,5.838172291065681,7.887110588865007,7.37828398447975,2
489,5.112008556374494,3.385734815693762,5.062183444724215,6.22808262102581,2
490,1.0230222892024212,3.2972581396310487,6.650457827957815,3.0938970250777436,2
491,4.560603715572055,4.684601014725146,1.5389147744423872,2.9254364448878496,0
492,2.7091880521870713,0.3043343265501054,0.28869575835257094,6.587236940671033,0
493,2.2299523177879372,4.141014376662761,2.43005947399243,7.437298111899656,1
494,2.1225147191530356,3.451323139363694,6.907295953779895,6.667081820976108,2
495,1.5515910592009632,6.360617816406541,3.6738577165555633,3.867157202265771,1
496,1.1411437848443617,0.7286918073055724,5.777926594395368,3.9723969883713384,1
497,3.5074354803984007,5.790164183488694,6.071000612130656,1.339483707820958,2
498,4.859756165925602,1.1557618417659472,5.960725671026556,5.224250218883689,2
499,7.561594044450972,0.6378725275800853,0.5450268249797837,2.3010591826069615,0
500,2.141304333140067,2.0264346327615987,7.168785728064086,2.0464603588261476,2
501,2.221207863803322,6.023306446860117,3.6079707711142124,6.158342344250413,2
502,0.6098560290022049,3.903055310652398,0.3621860814296045,0.5886949869517654,0
503,7.1702121360864055,1.1861138947172425,4.252881321746694,3.3065457002855116,2
504,2.809277944818973,7.118700096360725,0.2702224948488181,5.277559552169595,0
505,7.614476586865694,4.469311831002367,7.407215203858117,0.5076114584309854,2
506,3.3665878887784593,2.1292307695039994,5.800403526849693,7.754117305878524,2
507,2.100934487065133,5.202561891497781,1.6451615355259732,4.509575985658557,0
508,3.718673396169023,7.681641571125989,4.846512727032439,2.8261497022771866,2
509,0.9899471221258803,1.2797252641324897,1.8574720536196339,2.0575399584543246,0
510,6.734805251160875,4.4775377486036945,4.182449108720058,0.9951972005798964,1
511,6.809089608125593,5.737951565026173,0.6278132228200124,5.6211137583921955,0
512,4.339598095272639,0.7374576968248704,3.6747450039235208,3.880631039614367,1
513,1.3930414132735511,7.476445546602203,6.729807897549163,5.318374231167045,2
514,3.7059053758047367,3.3117712243591666,5.177593043777443,4.354368581373863,2
515,0.5857302258787078,4.097520660408588,6.389948214416148,3.682071045256273,2
516,0.5052613049232937,6.2329699551954585,1.6706375006606005,2.117242512126703,0
517,1.384709556771908,2.675677505997681,6.002661744371354,4.151209704130712,2
518,1.698073938375558,6.947074609585918,6.960738468621928,6.890511715358854,2
519,1.9626104487760065,3.6196668846117075,7.782919317898826,6.121697315217925,2
520,0.3119058855593666,0.608595811831838,3.7186647391361958,7.191917605720169,1
521,4.301874024031171,3.9829375626674643,0.9226948596617186,5.2228848168494935,0
522,6.512404652681759,3.0672760585589867,6.149772437217554,7.622917900426331,2
523,1.689378381195975,4.1819711233189825,2.3396760730596897,6.284264468463947,1
524,4.605228253873029,5.04974285689237,6.3237304450039735,3.1885696867671487,2
525,7.237702533574938,4.257625164519892,1.3320476181157146,5.5280131217166595,1
526,6.287438533418385,2.5707410811267084,6.785998204590274,7.167917387172978,2
527,2.25985500154691,7.771467487178732,1.1975499187803158,1.675722213539422,0
528,1.536953746056604,7.07311973806139,5.203481908134703,1.2864134091337287,1
529,3.5345226632731226,4.8993245955444555,0.7510198629171897,6.9828476735772425,0
530,6.3681075764439745,4.040612833897779,7.643587599021529,3.358535638345778,2
531,7.776060488484683,5.3097759906682915,5.050435931380743,1.3944481833071232,2
532,6.979036514776223,3.4344195657807983,1.365420565103339,0.19833865581092053,0
533,4.4660943323793845,4.213717052556875,5.710958254479437,7.044012813538857,2
534,0.7193713602156303,5.805672624654827,1.5618131639611414,6.793781014625879,0
535,6.488695408120917,4.318191288887246,5.63989382926183,2.5519308828332377,2
536,3.7751096116759544,6.508767802141679,3.6822685379510687,2.8908264695384465,1
537,3.9548570885523398,6.560344169010303,2.7146227694928076,1.455340426458802,0
538,5.65370935858009,6.542630059123038,0.88497233248356,1.9710180794963692,0
539,1.2073815201357525,2.8139430103409,3.612737635462219,5.940845428313791,1
540,5.178951162077058,4.943242826331764,2.848524583555305,6.663290914061128,2
541,3.776039905705684,7.737018516518206,5.0463086787067475,1.0848649842031215,1
542,5.3741849841883855,2.635811320367252,5.45335213415156,0.6432009556667648,1
543,1.4640752099724834,6.7747506194651335,1.8720005447834165,6.628920776894932,0
544,2.2783534899444016,5.11447889845792,5.514374473376682,4.098707074531413,2
545,2.4814232782345043,1.75862613569455,0.3588769655869245,2.470781929677646,0
546,5.194669766144008,7.418777583898165,6.895394961651806,6.07530525697536,2
547,6.24988927737573,5.2868822471127634,2.130237489014824,7.176121239505473,2
548,5.331712032865505,4.471436921647432,0.9657178598651525,3.587033241690119,0
549,3.6907945153750257,6.843596154276826,4.36385611746475,3.0671242819691957,2
550,7.719042562383144,0.9636206279452624,3.395877740833168,0.42779246633696133,1
551,5.8712521419820565,7.260997107153376,2.284291170493818,6.795065079033143,2
552,2.379302197602803,7.204007260822539,5.980902848054915,6.378272859363221,2
553,0.24045113368354512,7.609920785177403,5.768033738148522,2.47705854401184,1
554,6.569278385899007,2.295865347636454,6.907479948615799,0.9781270452131088,2
555,5.588750624194207,4.317448117830301,0.8529688675244383,1.9867718604189444,0
556,0.1967514829630554,3.7563901306231458,2.449869033928003,4.767188377522519,0
557,2.418454900127214,2.439369069754481,5.896906950106507,0.47551412063115694,1
558,7.142580962497501,6.747658220251216,5.308876529165971,4.727128246837598,2
559,7.059959485489288,1.5455754003239728,0.7159594650884632,1.9681793252943975,0
560,6.297710573861484,0.37042808046656994,4.645893313651219,7.864412626292218,2
561,6.774429531932808,4.167276374539997,0.5963990924358104,6.584713412208537,0
562,4.772032363782242,0.9964773770646214,0.8320868216221784,7.195089191605421,1
563,5.319762050917012,6.568437034670693,6.956035422201685,4.559824345976914,2
564,4.136081543689322,3.457333800503724,2.5721833847707307,3.489848494697952,1
565,6.13626131469522,4.795002761918027,7.0616816616478,3.5583641121576646,2
566,4.8352987140062815,5.0241989141175125,4.715237865989339,5.580543430067028,2
567,1.9519810533234891,4.096437464857168,0.9129534619051118,3.099188355629538,0
568,3.903803135245863,5.187349224454685,7.514142210172388,4.785078319077176,2
569,5.900032546177166,4.048875264062581,5.0460114447353845,0.6532712858434327,1
570,2.0842543305664067,2.922454127000082,3.7854481690508064,0.45606021491859317,0
571,1.192187960915878,2.2591516007721855,7.677954989028195,2.6845066554037964,2
572,3.859920253274244,1.6295621593594651,4.864084554390993,2.2893290810246,1
573,1.714542111819729,4.129266501878637,0.1429452334512824,0.15977945466395757,0
574,1.808736710994491,0.3864266275064049,0.9426008822193928,2.743113064842263,0
575,6.360168300722541,4.561979418280546,4.098808262460048,2.389212821023349,1
576,7.367679011575968,3.1967173216500955,0.7793235810070177,4.91311882571885,0
577,0.9879394691174911,2.7927405138531984,4.057813121998909,6.9189356925443715,2
578,3.949663326652926,5.577618375046981,7.843971344192749,1.125615135204257,2
579,2.2429058990522526,3.177693389661642,3.390259792602885,3.305964387071257,1
580,7.179365819941129,5.66945462684148,4.8416606699074896,2.5131071993297005,2
581,6.525564996926099,7.549471989582914,6.505346603891767,0.11220782049348865,2
582,5.063930687430575,0.49885597524838565,2.109336318603031,0.5642926627126192,1
583,4.809604533005224,5.455401325242333,0.9930035769140599,3.0939432877508404,0
584,3.658644769853228,2.97861356973515,1.0439950037845058,3.3677927634623086,0
585,5.959188772905661,0.6538597833593927,0.725404109838847,2.8672160763206773,0
586,7.445460550627615,5.314866644438729,5.393625662046006,2.922975928535347,2
587,4.7305541714266,0.17902323541639836,5.06154916199443,7.223638191094647,2
588,4.878073053089589,6.914849029037492,5.746989832635532,1.040355647948784,2
589,7.1391357968295655,0.6182619859750441,4.264946285872558,1.2086695655889699,1
590,0.19131156370105173,3.3918672289955847,2.401317519702419,3.890803851621304,0
591,4.602159116529497,0.44116476400978943,1.059425701965216,4.457410692313318,1
592,2.7767053547467344,5.787553202885695,5.187874859017129,6.695714031321273,2
593,5.501444048019957,3.453462403643156,5.349139654676573,2.2479731591922647,2
594,2.489245290470059,6.254084247382188,3.582072227932341,6.32736665604315,2
595,6.514894514612572,6.788986233758013,7.249754839561417,3.461684720003711,2
596,2.5871611829048833,4.641150223434088,2.9951449028134953,4.788378501041817,1
597,5.6035697286218324,5.4695591442386675,3.0215125187569467,1.4015095732502723,0
598,3.458128840005219,1.2122343238388884,7.042756874433706,2.7978441937552883,2
599,1.3047860283419257,0.29849252726485687,5.1374146130345775,5.067838076146997,1
600,2.7567124993340753,0.6593527330116778,3.29510538018281,2.5274964614944704,1
601,5.3815409899330735,4.825078145730985,2.943831079940812,1.799561923188923,0
602,7.806680536013617,3.6412126453296962,5.468539039085849,1.1963131471112143,2
603,3.887599657343303,0.3147864149818308,4.04254991970151,7.619335775518079,2
604,3.096812361289242,0.40416889808431045,0.3414551691708796,3.1262967275855824,0
605,1.3481945044129138,0.2821463513598501,5.9984661888113795,3.676479469278748,2
606,2.3561092213867054,7.12064882752855,1.0058838895640998,7.55616686585149,0
607,2.5489403955433523,7.029548644007714,4.8029544365398005,6.548317405983602,2
608,7.7753026730416215,2.349562414986217,7.5968567861792256,3.137958780238879,2
609,3.1069928569479943,2.7550194131851446,4.322979337311165,1.3023313367921996,1
610,4.418949585792487,4.325297536798032,6.042834138317986,6.602469703113168,2
611,3.535442532436908,2.4581993449416517,2.122812199073337,1.6180659262980013,0
612,0.5496511411523941,2.7710942349107643,2.2079319986201096,7.638055609757978,1
613,4.450128844750343,2.808760904437959,4.627647287750829,1.185734270496425,1
614,3.563541243777183,4.984627707084298,3.9134030879811212,3.2338746451037297,1
615,7.852017433417646,6.966455144761631,4.962566473643633,4.5411434172218055,2
616,4.941151742631756,1.6702344410149796,3.1820743974616854,0.4077843565490147,1
617,3.8092590923972485,4.335591754869773,1.876447941605035,7.6194250078910075,2
618,7.193745965310488,5.7327172365560655,4.260415704369828,6.885759445251943,2
619,1.119088281823011,6.2659763953441034,1.0736023489414168,6.294843167885363,0
620,2.2509870323605847,6.941306531941874,7.463528331838104,1.260608561359902,2
621,3.7088697195100697,7.751701549668944,3.870578000590544,6.835670675613453,2
622,4.692105872624295,3.0275732817728946,2.329111733101788,1.685140110471481,0
623,6.042025892746039,3.115015953219618,4.08794860516586,3.9401387440092193,2
624,4.602776428018424,6.851501735871508,7.74976687995075,3.2791568268757727,2
625,6.5546475924291645,6.063316798306798,4.5735258213534715,7.557167720173078,2
626,1.663701221121542,0.9522608404150471,6.760903342252293,3.5253685697432373,2
627,6.706357062815072,7.066103600524237,0.5871692302287572,6.991025151291273,0
628,3.596888631881493,4.081373414233012,4.98742158652704,7.325784332494677,2
629,0.24910553655215945,3.8193790528789737,5.464231930958373,5.737114270046182,2
630,5.501752965989442,1.1485940093833507,2.435285589299114,2.8979810982527052,1
631,6.3746102199001395,2.274327004833514,1.743498718164185,7.56809454849715,2
632,0.16913362388505743,7.88300267431943,5.3792061310876855,6.562060535703114,2
633,2.398031291500307,0.21165916580306784,5.855382244779935,6.606327856605271,2
634,5.87571382923745,1.2142322409465411,5.976737793604359,6.0975977004396,2
635,5.236616022226428,6.075704275805573,6.698187229486311,4.886112091052175,2
636,0.7911167689634967,3.9034969154042454,0.7056648104385195,3.278835642052961,0
637,3.275430615179896,0.6148767842938844,2.820800164961939,0.9657851705722558,1
638,6.404234638071933,7.491966602522872,0.6640685070119211,7.5498986168752715,0
639,4.176097474826612,2.436612288040217,0.6995241871540754,4.00486929094926,0
640,6.29722124702784,5.615274522680246,0.4917628894189954,0.6686343158696474,0
641,3.2424116045345697,2.403265853573958,1.9125977198371733,2.2918350914879664,0
642,6.3671653977157,7.3479788183284604,3.2598010173150183,7.167665816633478,2
643,2.6076664697334797,3.816208493481575,1.863026182964798,5.095713128971583,0
644,7.73605269836351,4.807246149138353,2.8909498560856814,5.152976078726121,2
645,1.0587812920300232,7.03154082607011,4.024054816082724,3.6049279879092087,1
646,4.6697453499374495,4.973314129757339,0.6598512885668016,5.424414325542539,0
647,1.987067106461131,5.6688305335514,6.515771396196735,6.370876358909658,2
648,4.409507545781535,4.157325160023859,1.2144324984474115,6.147699973144458,0
649,2.216993167484372,3.9742242979799833,2.3173379248346304,1.1438612313976066,0
650,5.0105500357555455,0.5237898716186499,5.93943282618436,2.5771770030367103,2
651,0.10105060543498551,4.086807286050393,0.46544488651530447,2.2541225510030163,0
652,5.614416602154586,0.5889790486505538,6.646840240376818,0.12979539673694826,2
653,2.0252261797748377,5.879051637986158,2.5669071678885933,0.8947606269149055,0
654,2.909824566643338,2.2090676337992994,6.673152836852329,2.5441137571641166,2
655,6.2536732798528565,7.056602729523731,3.483775872696931,7.197556522064258,2
656,3.0430808209129045,7.619811648622844,0.7964582912994689,5.458750278725294,0
657,3.951749515564044,3.1236606825540476,5.035152654239087,5.590085314747784,2
658,0.1340335032724109,1.4022340922281502,5.6617591949476855,5.29780622591001,1
659,7.635170540003682,6.036094763956108,7.516027120304437,5.579815911971495,2
660,2.424807227387657,0.9218463935566805,6.198226134090498,5.124363927512144,2
661,0.47585089666771063,2.9083936340276315,7.563038560777432,4.00312893653957,2
662,3.4752872609536967,3.6700569202424935,1.7292852472402773,2.975915932745403,0
663,2.984543396699978,0.5083691574622847,6.087027502439763,3.3487345688502566,2
664,6.513003117168102,6.732714408735184,1.753553626649533,5.227357160927003,0
665,3.783798072471258,6.965222555787584,1.7827772975763423,5.386942962418345,0
666,4.840466553571236,2.403351525060296,1.1654870484791466,5.182790131722757,1
667,5.86106017343218,2.56189328135413,5.129694311374048,3.1820210793697257,2
668,5.663013689604418,1.6538791441736145,7.043677020562161,2.3417948524315224,2
669,2.968730704497993,0.5531172262267283,0.969795256105956,4.12372284115616,0
670,2.187222878478178,6.616745760789116,0.21460843150864,3.0569335796411026,0
671,2.731295264798923,0.25075552115728805,1.07007351220398,3.3264128643653557,0
672,3.944343758690084,3.2534600285879796,4.241313891614332,4.742027064264316,2
673,0.17740580479711793,3.719942243737331,7.615294078923189,4.14845178501048,2
674,5.384829686179835,2.532538091751689,6.137132749591548,6.1287875586336975,2
675,4.166109171702284,7.712907821577867,1.0792916751486965,0.23219178613873176,0
676,6.1072340517053485,6.395813191446084,1.0376163871404949,2.171546097077128,0
677,0.2369084342597055,2.387807164088405,6.130506616565638,4.140092116158116,2
678,2.8151456267126473,2.9995665002693768,0.1105582805806516,2.4384441150088403,0
679,5.142378184775858,7.698716661767586,6.707074450474416,0.2840407242351272,2
680,7.108772716463747,6.208947623729283,6.186933763853648,3.672366920227858,2
681,3.2044412850451223,2.462742684898903,0.6124198998440531,1.8802358352508532,0
682,2.023508352828592,3.8758011437395727,5.930066371454213,3.795716661503984,2
683,0.5511867056878528,7.570760447707991,7.453249688934076,6.224478436557586,2
684,7.832357632200921,4.346962195842051,7.609593131975007,0.689719316810656,2
685,2.9523098364386966,1.8579738904527738,1.6274980562473065,1.1982630013628737,0
686,4.954826404214774,6.1943104748289795,4.610727515478813,1.2463091347880357,1
687,6.426765405481073,5.060446715877082,3.1276925077905653,5.358216305181291,2
688,2.1272588380940967,2.7924992262548423,7.256389576429524,2.3659351442370795,2
689,3.765908491631906,7.043100871688915,5.620226532086715,0.5851851640846815,1
690,1.2489637453759688,0.1611644080209512,5.021189963787474,3.591852718201263,1
691,1.1473438370377493,7.57188614424281,4.231345846775835,1.9867676940805359,0
692,4.004707855006719,5.401038595333841,0.6946659001938029,2.2426897573735576,0
693,6.39433082889515,3.685385989140758,4.3633017078519005,3.4759648172338604,2
694,0.44241955261543997,1.3928482825972164,3.5752247821867496,1.7316466301818372,1
695,0.48983642354549417,6.6804673796042255,7.753301727480103,6.286514417174568,2
696,6.759522389296403,1.9874216164729541,7.592890409002958,1.6360204947367416,2
697,7.521152520822292,7.8595904929344185,5.65143788481918,7.752921107976211,2
698,4.542410280623408,2.124425908773505,3.5085679081918433,4.72977529595453,2
699,0.670036183810717,4.9542774640145195,7.753187126745898,1.5828396683130757,2
700,6.28224190704939,7.181610591481031,7.460872423997722,7.589057714362489,2
701,4.167385182027481,7.723001682333729,6.007019615648623,1.361037202648303,2
702,3.8198208304501664,5.702983167901631,2.0292544633888503,5.0967984316813215,0
703,5.29948373656363,1.3690580017068141,4.507665437131499,6.11868990563314,2
704,3.9913861833803472,0.19440431085363793,0.170500058818479,2.8848288829660955,0
705,7.3243137337679,1.8836788809081486,5.0480367731991596,1.8321917914079007,2
706,2.6090259193444796,6.7147282988915755,5.785119249705586,0.844114363043043,1
707,3.443875763694183,0.3275241564330629,3.8509431435034704,5.266985291268331,1
708,1.0243204640655823,2.3533025234914926,3.2031256789168245,7.272341992317188,1
709,7.84738912029912,0.4503081321658037,6.035861803264058,2.9994477179382777,2
710,3.1611738525899447,5.983266792106777,7.263726170734188,7.5172430371198775,2
711,4.601556171098903,2.885545042543922,6.242882869698478,2.0578107894459423,2
712,4.499777424901438,2.896911999894011,5.221722374921434,1.9751115205693541,2
713,1.5944249767316412,7.26226487606841,0.8940687270063878,4.046471680332467,0
714,1.8226517071114698,0.4036537139402061,0.38094678267312587,1.4667298224254535,0
715,6.860808765146802,2.303334203020808,7.513581530487307,4.6366538853157095,2
716,3.505590680196376,4.624692910421746,4.130247404764889,6.018454779307136,2
717,2.303469314588248,2.853793054482359,7.073935559759356,7.482360802573163,2
718,7.061954174394502,3.3716943528670464,6.186850923453678,3.815418719748571,2
719,3.9808108467395975,1.696504850646815,4.710816365416428,1.551860002476114,1
720,2.6862046527241117,6.769235572635495,1.7151913118446709,0.6550346243527759,0
721,0.6382592223799672,7.438119259924242,4.05397941610231,3.2934141601727434,1
722,6.424852931861764,6.6194422377020254,2.6910900583017163,5.510220848295603,2
723,6.114757963644715,5.206275357554445,1.2824415834407752,6.931888051433045,2
724,4.304937511340868,2.3032849256860293,3.416779846414013,0.39305450511147755,1
725,1.0973610495348571,6.0712646540237145,0.1000907510918559,3.349213462161879,0
726,4.17557941246759,0.526148476007584,7.690009671184197,1.8637775837474413,2
727,2.472750013162991,2.4707515955892134,1.8972499645153296,0.11149581227322905,0
728,5.788889393886372,7.641394898434426,1.8494891696233517,5.271768096066695,0
729,5.886791350277978,6.717717956906093,3.3965077367061514,2.4628610639953483,1
730,2.637302045379643,5.6584463981684,6.470879838743961,1.516588948501501,2
731,2.993339863630569,7.135133534643371,6.392209453618967,7.7818955415473114,2
732,5.98313642552023,3.166922568017794,4.7069751051581745,5.255911183129099,2
733,0.7119553672735669,4.347076281010148,5.632702462086355,1.405106171208271,1
734,6.188927395919346,4.653427688010071,7.5273299284412385,0.4308939260137553,2
735,2.1695438729326426,4.7921202585386276,2.41316731520626,5.672508479755689,1
736,6.020241203671062,0.8996245197185008,4.108064820812788,4.069346333610236,2
737,2.980390007681221,7.376813928043442,6.5545492950111255,5.538233178895167,2
738,5.671747758732981,3.7013859217423293,7.283757264553292,5.517844332575626,2
739,5.786052280915368,6.821189049541293,2.23775839686909,6.395153050160284,2
740,1.6228767030606381,2.7936672275101255,2.7177615433047735,7.732498653435297,1
741,6.78099034523383,5.569124920404026,5.771042740600043,4.484167796340055,2
742,7.487307203446449,3.9708182724824206,3.0680381369851775,1.37167562806641,1
743,6.232404087636253,5.828662670189614,3.0979693004882525,0.29650862888198903,0
744,6.644179156200484,0.18906027094177436,5.588858281106598,7.668005455863246,2
745,3.5137583595559874,1.9327925589684318,5.597993878338378,6.4735995077215644,2
746,4.362156465407209,7.642875146997941,0.5030160289320966,4.03740566677532,0
747,5.703940789115891,6.828595674963596,1.4981937728807626,6.340027157756715,0
748,4.4111151906046535,3.1931187195217134,1.1273772229169299,6.849306919489517,1
749,1.32673102380178,2.5163453018309743,2.362355149307008,6.897029466688664,1
750,5.3470833548294046,6.314114898092704,2.053649610581492,4.974017976934592,0
751,4.55961866852124,6.5960769389485145,7.167479071753832,0.19482281752361713,2
752,5.357355368658583,0.5043192331338864,4.381097587603376,2.3435352865406904,1
753,2.4928574762727016,2.8530763269283814,4.946081102586959,2.7055897322164,1
754,5.815052594604187,3.255313607476184,0.6331549624176772,6.213326771376036,1
755,2.3289149318231073,3.475581660874249,5.446462289130832,2.693158025759954,2
756,0.5413681179443819,3.0165841666999462,7.466698945015567,5.105528298928754,2
757,5.337537359604214,5.031800798373591,1.6521386838836072,3.3630041399977855,0
758,5.957330427233883,0.8907086009146414,2.267251653499756,2.2552890460336585,1
759,3.4697476352371472,7.7468761793490435,0.6265198641338111,4.1458677561686414,0
760,1.4990445196952418,7.671277054196005,0.9837673368742208,3.2480878184204123,0
761,5.855502881709929,5.5955245386140735,3.397283367772672,2.8028885100312024,1
762,3.2013765527123907,2.1613548526373867,1.7015969219130387,3.867709640959342,0
763,2.1945632973273375,2.3422009861985513,5.222697295101545,7.654591187259159,2
764,4.808370164363126,0.700439843106737,0.6895521880617225,7.5211011225954145,1
765,2.4188681643972028,0.8181224914433084,4.772547779772976,4.964460470664076,1
766,5.158337596925768,2.1857358172888226,0.21786333687290527,7.627119881744881,1
767,2.0569657563905994,5.373005046809871,5.611712985053935,4.8580578532199885,2
768,2.5406776748664566,2.2145507793597132,4.761812605081085,6.855545942171194,2
769,7.484523085602486,0.9260652743493095,1.307663178262215,7.4689428185080216,2
770,5.844974781011382,6.98735183367223,1.6805345462556769,4.683169794653335,0
771,5.568888836456295,5.404872706486387,3.283583188760246,0.22008015519220614,0
772,4.646823243073253,2.0741920056009486,3.611983119914545,7.569131917653776,2
773,3.212475477610991,6.650452531982529,1.5706167248441592,5.345191884595225,0
774,7.720654244623759,0.8947661868089071,0.16489554937209772,3.4819457825343925,0
775,0.8224787678006642,5.9373979274746045,7.23347957801876,3.4853635871283193,2
776,2.1179508088124397,3.4883458882515566,5.742892979230008,0.17062246032689365,1
777,4.697741117980638,4.8836751421215565,5.0739683257882975,1.9877722238508426,2
778,5.669611242349389,0.812853593387856,1.6543086244410465,6.944266363904959,1
779,5.862040575667217,0.20721532128849296,2.0373348308844417,1.7723705673466839,1
780,2.2122893586883863,2.030966208183114,0.5877051067941969,3.679736029455199,0
781,5.815321103332088,4.832507452796004,5.348399015065023,0.7329635925826654,1
782,7.52162753937894,6.640236303975594,6.37970448426617,6.519273679325787,2
783,7.375141963435539,4.345180935686842,1.662199739367482,4.910912141249821,1
784,5.894475650609924,5.8557556681613985,4.167302388501665,0.6339780108019089,1
785,2.9946809197549973,7.281979546014187,4.658701496107923,4.298989157394565,2
786,2.1970574121811097,2.973901575349316,7.083699495394721,5.298411770709318,2
787,6.241618808668196,3.6438942999277106,5.0159283117580316,2.0373921481970187,2
788,5.602594476211193,3.4352904028860314,3.5518550155550157,5.164714131699677,2
789,7.402988847457628,0.5992495035472433,6.53299725130666,2.380588261215107,2
790,3.5625717451497474,0.2709239644450699,2.448159407107642,4.020523692515018,1
791,0.5381734033100244,3.9305466891886884,7.331462905095734,0.9220671012408808,2
792,6.062637678988934,3.295434216332743,5.210354973289837,2.1298454642847893,2
793,1.3440396478225949,1.3516083913155663,0.6498371760165282,1.5480442982296958,0
794,5.280911202913953,6.977186772379363,6.450180347611062,5.444047617020976,2
795,0.9613685346066009,2.355662081108409,2.5164936275152585,2.049664181901446,0
796,4.11704414573584,4.277319756061446,2.88371060633466,2.859555438144201,1
797,6.5627336636674345,6.256484216893548,2.5008074871098165,7.227549862211423,2
798,7.531957132619548,2.6485918278343186,2.8645146005858284,4.043946396691279,2
799,7.440742337762654,6.93529157851003,0.9000301081520005,3.163299797517047,0
800,4.41629528004822,4.024433285902012,1.612131929907763,6.798770815111607,1
801,5.380138107375331,6.6356853238440685,6.798361378925883,5.93717565859277,2
802,3.5258426897477957,4.862264689120312,1.3508501677339968,5.35443425630428,0
803,1.49817539476639,5.512806805979223,1.8908656538809558,1.016900141171716,0
804,1.389219023115068,0.11553865470874809,5.706169019257536,5.812728182655357,2
805,4.116480129323424,1.358629848231993,0.75172383258338,0.2492059382108387,0
806,1.3928357803287217,7.048673172868545,1.9839873652731181,2.8633163522942824,0
807,0.9216947789543989,1.8344181770357284,4.1499516520856,4.84047092814609,1
808,2.0137480504964462,0.5503108419559143,3.15005637919371,1.9267862932254065,1
809,1.8125206011924553,7.586929861164951,4.907143790220648,4.443651856742348,2
810,3.343045807481911,3.4457658007551255,4.319059029937031,5.532152494881637,2
811,5.57673955021827,1.4392124801025068,4.0008794661976905,3.313273141265996,2
812,6.890110336901197,5.0250675855033355,4.253531718044658,1.0000782089955556,1
813,4.823975536722609,1.0141904643058208,2.7302112894128663,1.2141673255517889,1
814,5.4981744467900775,1.7087664879219906,3.1565031108666033,7.086263265426474,2
815,1.6936677905119686,4.060879498878477,3.370318957094972,0.24136752015669194,0
816,6.28351328586794,0.6385580692538779,3.7991891636202384,4.473290700523809,2
817,5.0017263615937795,5.4713267086014294,2.0755245914771776,0.17783445793590513,0
818,5.742860566368313,4.278121474911113,6.621718085016541,6.506829230625415,2
819,6.677944108745489,3.8837383478404135,2.7023014875275524,6.274153980212686,2
820,3.620094081628189,1.5308491319467894,6.7687973525795,6.983967038824309,2
821,3.7372160978933273,0.6904578730163423,3.125043501352064,6.367593743808307,1
822,7.133837422660584,1.6870873914812479,0.6223941737971179,6.9433335344361415,2
823,3.1373585240352275,4.325735521286994,7.65091333399592,0.6192048777309382,2
824,5.156880458126346,0.6780222960839632,3.0286576420387035,6.369753452508885,2
825,3.4810834154939485,7.878022360443014,4.460662422583497,2.6050647905604376,1
826,1.8168683420570746,2.8340601674320625,3.0057595353244966,0.6359666862468957,0
827,2.982678755528831,3.7210604539659546,5.737354467462676,5.222489980828542,2
828,5.628372110787403,0.16523671863948539,1.7978057167281813,5.2611374495188805,1
829,3.8751170718020282,0.14144511021309839,6.375058210968215,6.127914671664632,2
830,4.377669471349789,0.6184139410549225,6.07881738635416,4.652965984304639,2
831,6.1992878218320815,5.963626540687556,6.36341616127113,4.140462917956073,2
832,1.1945312419094172,5.335028292361572,4.939695523405371,5.88957486015288,2
833,1.4250718471957355,1.6208065592222562,7.045194234310762,5.949826827926152,2
834,7.184182211862519,6.017979505078582,4.757811386724355,5.202235348817415,2
835,7.035197806732078,4.614692685193136,5.032652329761422,1.3205183848280848,1
836,3.7965855169056018,5.687897473273172,2.2133530468676503,1.6775826080913727,0
837,2.547849104150442,1.9837048983441012,1.7763185688838878,3.4138365743710786,0
838,7.181140408291566,4.055065244562003,1.56577897035952,0.7003790211708179,0
839,5.530017932075817,3.0858303626038253,6.510281383365802,5.244183995398007,2
840,6.310683314222675,2.2211791074639007,5.500399595196254,2.159683480611007,2
841,7.424734139712275,5.06371939596032,2.631192041367669,2.202192525879727,1
842,1.5892273635588197,5.518199479371077,1.8059817813838333,4.743365474234415,0
843,2.1641532100177874,5.263357769392175,6.456529882616206,6.168596896528295,2
844,6.034640381260098,1.5642347643995664,0.789402586479246,5.551800862201608,1
845,2.9731082675959404,3.4723005659461093,0.34296292378845034,2.124696304345384,0
846,0.36267595022081944,6.957649026289732,1.998494129104538,4.447229922669463,0
847,0.4040387011568173,5.301409652184133,2.6196132968819326,7.103769658269794,1
848,7.02732187368548,2.637266823221633,7.12749498638565,7.870029853290475,2
849,6.538242180166796,6.6899965124907865,2.0422681416509016,4.598278711090499,0
850,0.6245961289454692,0.8403599072090238,7.891362373859667,2.6477861455221054,2
851,5.935834513981002,6.3919874136091686,6.792581513856388,7.881500719736821,2
852,1.9836725850035695,0.4147364495056578,3.307293840357771,1.1146292246657863,1
853,0.27492193546403,2.911329251703592,6.213158358386845,4.516209391555553,2
854,2.539668315840762,5.203867642843214,1.909741806408724,0.2121752793622632,0
855,6.061956414204134,4.965196061939271,6.045960471107488,0.40371653016379183,2
856,6.629533097079087,4.932304360283166,4.494483735558593,4.971989575293346,2
857,6.84257932557324,4.678104751159475,4.631412963127799,7.827297425112974,2
858,6.002495303134831,3.549891682518856,5.617696600256837,3.1359976791959507,2
859,1.8852286073712925,4.755444639724524,7.339820365288822,7.34728825612061,2
860,2.7668611692228247,4.215884236529221,1.7507600088449176,7.865922654091292,1
861,7.752719681369899,5.166169651718089,6.374429665484293,5.67778125801286,2
862,4.726634108507852,0.5161143765134021,3.6471618719107566,5.363333156905802,2
863,5.3847465882927406,3.0103564236945926,7.445197495932638,1.405384851446892,2
864,4.002803680481373,5.488895017096418,5.537659285956112,5.159383862796761,2
865,2.2472480649245097,1.3184112357556517,5.060334549248345,4.774556505887614,2
866,1.49897688025608,5.6000853354503946,3.6503415355225206,5.308532614504593,1
867,6.631463222207175,1.4238817429000008,0.24932997037532612,6.177000173887137,1
868,4.8556399161904045,5.557188643052549,6.637608804911412,6.361925291631104,2
869,7.595177146044833,4.2802936150465225,3.910265934747262,3.234720159147695,2
870,1.2987901341847956,4.566336416479775,2.260697689742635,7.286198595261209,1
871,4.6488882733613615,4.724153407963259,2.8684123548406784,0.5055169454261185,0
872,0.34760136990931123,3.402014124394941,0.7596099491584553,4.833406253213085,0
873,6.971589443989328,6.986735568846033,5.240554199031413,1.7476082854888622,2
874,6.831375284599202,7.011528795443024,1.633897962633078,5.8519234690112825,0
875,2.3348524816315592,6.3605944363528515,7.8784556192481014,0.33420284156926394,2
876,7.09945375316927,4.956518162069533,7.692384429485605,3.7270742367061356,2
877,6.709625858456715,0.5866737350665624,2.715176590610707,0.6227289944594377,1
878,7.70767644113675,6.472396476720327,6.74986988571857,7.416128805184375,2
879,0.7638071917343258,3.1076612216040007,0.6540721345432166,1.7441861920902235,0
880,1.8890530608938447,3.759036246171114,2.1947849061384126,0.8876292331785366,0
881,1.4064304949340403,1.2487493957063094,7.689999023715927,6.022481553964094,2
882,7.648539429102584,3.529975794761687,2.2712741569687216,6.326686938231656,2
883,2.644780560720945,2.435190314901717,1.9135467392210836,1.111496030149036,0
884,2.100411875930775,2.8714940380963245,5.357154823536697,0.5880057693117223,1
885,1.7419541293896752,6.410384394275076,1.2459910039534121,2.7726321428756684,0
886,6.844339590493493,1.3084174269188529,0.7453473178218812,3.8793963616240847,1
887,2.458872187972584,4.494585242974062,6.369678145771107,1.1697582075913968,2
888,4.629452859523423,4.042968331040939,1.2238145309029569,4.967188187126063,0
889,2.2343952593140193,3.9051076846432977,0.7417241293610827,3.68475564626626,0
890,2.490415050733999,6.514573447245764,0.5444340705794726,3.365136744362974,0
891,3.675765108225217,5.7550473951331265,4.579443085703645,5.304256230114612,2
892,6.160984428083698,6.825183194533873,2.5482288744352704,4.296577101838443,0
893,6.652843011825759,7.817718821527441,7.038250626141353,2.997444648470139,2
894,1.6222988343054734,3.9172617917713923,5.88480332432113,3.942038751875722,2
895,3.868810733846615,6.638197284438045,2.918949476724054,6.806398463530836,2
896,3.2730774474234443,2.660218224291048,3.6411213073576527,6.047086277663974,2
897,1.0828158173391556,1.6320698838017358,7.521269640172117,1.4688346935745877,2
898,4.528273079862226,4.618652839963115,3.91907080399191,5.129012938899185,2
899,1.892648461221424,4.410765688658636,3.0029513909257983,5.261004625107675,1
900,1.201543638310566,4.552843851347915,1.545108771989925,2.273415892297284,0
901,1.8059364425239495,1.5261346829767737,6.540545422173203,2.328519027754945,2
902,7.331565498542705,7.665426897692489,4.555831665509359,1.2154087567926661,1
903,3.021476298360734,6.32231165411607,2.9656476838371497,0.7787343027617523,0
904,4.442922305239866,6.691942641669072,6.308225819719319,1.4659604930167556,2
905,5.347563992417241,1.8199332547980478,1.8020187695069436,6.917759831780445,2
906,2.0474178313737954,2.1533293028404876,0.10509644793813654,6.891218466179038,0
907,6.282239543031251,4.993165693707288,5.95207295872297,1.2859788259110363,2
908,3.674924037783089,2.839511221320491,0.8314569048047287,3.8918177846764084,0
909,7.281769272672556,0.41246112859541695,2.3733951252515926,1.7188193024044873,1
910,1.9575438985924316,7.185789504659128,3.7509386230274635,3.737135420930587,1
911,6.032490011151202,1.3050391912384214,3.9006697619803967,3.4538846701442663,2
912,4.755903386263918,7.896550085353422,6.101701373839967,3.2033524835359324,2
913,6.554913807737567,1.4315252338373456,0.33761675320988904,1.69469730522133,0
914,2.7552101376912255,4.082529908184568,4.898007296221358,7.20272459427249,2
915,4.07686127449357,4.00995002808069,0.4918954766192607,0.3723101107185457,0
916,4.399047702947702,3.5177931833370875,6.64560708084633,1.3533007607523926,2
917,0.2947789645129869,3.6025023898549824,1.9523327426676087,0.48699211204293213,0
918,5.751866637411506,0.9704253996665304,4.844892100060619,2.2921880513017356,2
919,1.453269192769172,3.0620618787706766,6.351277054539039,3.1583298998556675,2
920,5.956003263846235,1.0787931150333754,6.127617073387618,1.9480799342718598,2
921,5.3836664131332075,4.513096127759772,7.347328794251162,3.12111564020745,2
922,0.6160884729086356,0.24941278729977268,6.549496775587475,4.192937973759171,2
923,6.146903604312604,1.9285196800898148,2.7916532150032234,0.33481020324828775,1
924,7.5996401316780755,5.309369672266345,7.378999684522589,2.1708719779467645,2
925,4.869416167560154,5.392299752682575,2.5768876620091903,6.7152520331219145,2
926,7.487859410621933,7.001869918028834,5.864722412327106,2.264224501854642,2
927,2.296605128423928,7.614210499479096,0.18021906829839784,5.685189791288727,0
928,5.608720067931045,4.95697841940842,7.822848999477554,2.532659598957057,2
929,2.751780537587336,0.7157273429831333,3.5538254650411525,2.1361785046318156,1
930,2.778416276985625,6.609659963993896,7.396779205514467,1.548717961640448,2
931,3.0055696661170344,7.3433183845000745,0.5821059933759366,0.8204121192687525,0
932,1.3697697158085893,4.742660106189623,1.2736837138467805,7.650995775315722,0
933,3.584373312616459,4.011840090731298,2.0239372032821707,3.773489968990922,0
934,5.26292633456869,5.959181668241533,5.980171045137322,4.607550679013889,2
935,7.154006244952087,6.475781208987653,6.004975294649278,0.5337230691075929,2
936,0.15364810531326467,1.7570887621246893,5.275484032524928,3.3073404132838577,1
937,3.238768822534632,6.999777728190987,7.085390215428342,7.191567059617969,2
938,2.5482489968172133,5.490235339366242,2.2187388139400834,1.5867566979807086,0
939,1.54013316730948,2.768439442736034,3.45366943428261,6.581403534229533,1
940,1.0351505290871545,5.832421609680175,4.245348330676582,2.345973672872742,1
941,3.9439927593560324,2.439548144260777,4.749439250858787,3.483982598270905,2
942,1.3823631268152543,1.0093479815344346,4.364226320162615,7.138821659631607,1
943,2.782869955149948,5.8174008363364615,5.237558568530183,7.366128331613952,2
944,6.503651934933299,4.519521019462611,5.224837886226037,7.107414439355472,2
945,3.2162465197780916,2.648998705690664,0.18432645235453146,6.547098378693422,0
946,6.347649463146246,0.9147452411811808,4.599487572835062,3.719057245701722,2
947,1.0259309449710696,7.748432171073644,1.7746279222141728,0.624426604706377,0
948,4.739809560114895,5.863160081637655,0.35305887916805834,5.237997582070773,0
949,4.251876632421345,0.9054670692253777,1.4456862401816244,4.530199519065428,1
950,2.4115893854036496,7.418862683480266,6.486173789975596,7.771824210806572,2
951,2.1254325438132295,7.663844335824221,3.4636241843741518,2.8106466034472866,0
952,0.4927263103609554,0.5115690113049005,5.497687796383906,3.671846156585418,1
953,1.8668686830816248,4.8889683893368145,2.0722933223508675,4.605527683886496,0
954,2.901828226464985,6.523707367572189,6.5014300539808785,3.8233331053547306,2
955,2.836389052813122,2.9279664131609375,6.3845733002121,2.659799965821374,2
956,1.730663114913399,0.7605690666273933,3.740206342898386,3.860630371574767,1
957,6.659087941142676,1.8256618322792992,3.0717319346135197,6.40556476337079,2
958,6.524264163841994,3.0999663926343923,3.6811673816361115,2.4656299486244073,1
959,7.373928051670634,1.0254213727843264,7.3832454994114665,5.4341583243156775,2
960,4.246262790956504,0.35474067411906784,3.809650296211665,3.2804352190213124,1
961,1.357506733405956,5.219994907305124,7.674977077472629,4.485072726303296,2
962,5.675075556262778,0.6339135300149309,3.357802567372559,1.0075961842830679,1
963,4.879807517184781,7.420160834070406,5.26186631327878,0.699063776852488,1
964,2.8663963988836465,4.395174359638642,3.2450204978393677,6.602423281706344,2
965,6.454433836737916,4.872281956805128,3.012971972035101,2.0916237153533044,1
966,0.9258196820624087,2.868201931195122,3.3227456342202126,5.371418815811774,1
967,5.233646629521073,0.6468434892018042,3.183022660363031,1.5178751642954231,1
968,1.3231391014710845,6.552956767950518,0.42693869038680876,3.3696264320365468,0
969,1.411988514978842,6.958775682292098,4.444916003545274,1.904768963739415,1
970,4.018932839897737,5.805593605684304,7.573320469571584,1.819478833114268,2
971,7.012217822608892,7.387572090506424,7.248080247350117,5.056231983522896,2
972,5.01260110459072,3.245042938833818,5.968703481969546,4.244093343137269,2
973,5.384016955580697,3.441971650020605,5.805672419536485,6.530877837315483,2
974,1.242202801501966,6.596851781478978,4.314312947964396,6.68839409090375,2
975,3.464153309459914,3.0565157859876737,7.237473713634335,2.0591202868775302,2
976,6.684856137231916,3.8753604655733525,4.109944451899826,2.5060525956179758,1
977,4.569729164828322,2.6366473309544487,0.40630143108488803,2.2215891216859776,0
978,0.1497565385714073,7.731167339043482,7.6328282365940305,3.18221132028398,2
979,5.781292663849239,2.797287567601315,5.334526625270613,6.382354335758637,2
980,7.484698708599478,3.221655751627442,6.209724267057172,2.1742419149305268,2
981,7.8245919695904576,0.30100287036193896,4.807524690708743,5.244146656880352,2
982,5.466755345178205,1.0390231145548945,7.420532311090418,1.513229576590646,2
983,4.957476545270761,1.836873417160063,2.4962880527659133,4.36237662547937,1
984,3.354108664803697,1.3497596876167492,1.4333039388826168,3.361529347669838,0
985,6.0068072305489055,7.104124245412751,0.7561957656231862,3.1662104789633285,0
986,0.8819153970384378,0.2294213489342635,5.261405724622862,4.799105647339385,1
987,1.3715490877561127,1.9237400981259003,0.2849204784272434,6.612588204416349,0
988,7.702586649178702,1.1565843869985886,1.9055066673693255,6.873594286786086,2
989,7.326417624058242,3.373093585893121,0.4948552836987782,0.4072563028039914,0
990,4.576808955338281,3.1645818493667965,0.32348893510570526,4.6493686600379425,0
991,0.18815978539437528,6.241501273564329,2.4901760170862985,0.4140124234720104,0
992,4.689147323668596,3.201938432577827,7.695643224185766,4.344749567528877,2
993,2.2468656120886648,5.6336231441450035,2.2176376198331487,7.153097672979008,1
994,3.0228313699575367,4.388974789654401,0.49447020982898515,3.4237456560274007,0
995,6.592435609355761,6.384060681834067,1.849684759057505,1.8634167538823891,0
996,6.474981435263247,7.357107677320739,0.8438151859294277,3.6104573875245576,0
997,2.732143375920986,6.891369952568027,0.7514943345041465,1.746782351952692,0
998,5.969253033174656,0.5000920220534816,3.9417759695714567,3.5484348705018167,2
999,2.7083291961122398,3.177664059487606,4.2335365780558165,1.3586653954293886,1
